{
  "train_loss": [
    1.4483010747697618,
    1.1752845615810819,
    1.0996365112728543,
    1.07286677731408,
    1.0459229628245035,
    1.0191376961602105,
    0.9831153215302362,
    0.9479855500327217,
    0.9127166281806098,
    0.8845108323627048,
    0.8541797637939453,
    0.8317238171895345,
    0.8021048855781555,
    0.7787087925275167,
    0.7551217187775506,
    0.741194616953532,
    0.726487958961063,
    0.7089839294221666,
    0.7051144091288248,
    0.6971780162387424,
    0.6834375058280097,
    0.679016678068373,
    0.6705567624833849,
    0.6668367407057021,
    0.6596178415086534,
    0.657986659473843,
    0.6538663620418973,
    0.649641055530972,
    0.6450748372077942,
    0.6402900075912475,
    0.6330801669756572,
    0.6351955774095324,
    0.6340127295917934,
    0.6293887138366699,
    0.6253261258867052,
    0.624551084836324,
    0.621011843946245,
    0.6154617391692268,
    0.6132311458057828,
    0.61365202082528,
    0.6147824131117927,
    0.6120812413427564,
    0.6064756944444445,
    0.6081502787272135,
    0.6028459276093378,
    0.6052875439325969,
    0.6044658652941386,
    0.6008375681771172,
    0.6018288352754381,
    0.5955560106701321,
    0.5975137835078769,
    0.5922788651784261,
    0.5965346675448947,
    0.5948806015650431,
    0.5926477093166775,
    0.5905042182074652,
    0.5875168061256408,
    0.5859432593981425,
    0.5868648539649116,
    0.586814104186164,
    0.5839174138175116,
    0.5794427710109287,
    0.5792242002487182,
    0.5813631812731425,
    0.5795893147256639,
    0.5774930082427131,
    0.5782839298248291,
    0.5751215905613369,
    0.5737848001056247,
    0.5754390562905206,
    0.571356659465366,
    0.5713762368096246,
    0.569371588230133,
    0.5709040109316508,
    0.5693994665145874,
    0.5676456333531273,
    0.5670194035106235,
    0.5648839163780213,
    0.563621412118276,
    0.5647485235002305,
    0.56066839589013,
    0.5657976614104376,
    0.5619667230712043,
    0.5583355908923678,
    0.5580914651023017,
    0.5604567003250122,
    0.5600333266788059,
    0.5576322118441264,
    0.5621637344360352,
    0.5541556390126546,
    0.5536476688914829,
    0.5549433716138203,
    0.5517699808544583,
    0.5488375939263238
  ],
  "train_f_score": [
    0.08824590595776076,
    0.10960676302941516,
    0.11861495585429582,
    0.12511040442676202,
    0.1499680465122617,
    0.1809008590197626,
    0.22083097455509995,
    0.26106554574081947,
    0.301662096917448,
    0.33093885367988896,
    0.3606939755684334,
    0.3743299848074893,
    0.4049075437347,
    0.4236042680062959,
    0.44237294268139976,
    0.4576599643914036,
    0.46479154679613005,
    0.4858961639203762,
    0.49694274937907185,
    0.5043147058378392,
    0.5188426530481942,
    0.5276337666615534,
    0.5331217536289955,
    0.5451585967126779,
    0.5531154264975358,
    0.5576369970413526,
    0.5611059723697774,
    0.5698326402645912,
    0.5743311633791582,
    0.5822564380319979,
    0.5897317420022709,
    0.5862405370400272,
    0.5866645430072195,
    0.5927351310720324,
    0.5959199418436735,
    0.5955744337809883,
    0.5988290695638837,
    0.6090122469667839,
    0.6143348746604107,
    0.6112235604868528,
    0.6055916095524979,
    0.6068751364844999,
    0.6218646913615257,
    0.6142554558464597,
    0.6258560340773056,
    0.6180665557969397,
    0.6206478298443953,
    0.6299806289548667,
    0.6263520969361881,
    0.6364190225173241,
    0.6301816538411902,
    0.6373541423861308,
    0.6312661736593796,
    0.6290002932588744,
    0.6361920763436235,
    0.641385231228413,
    0.6467573659091436,
    0.6460847789226404,
    0.6510105942487882,
    0.6445916247197686,
    0.651253891132633,
    0.6537157219142644,
    0.6514525171412219,
    0.6426684749048119,
    0.6549001525945815,
    0.6568039288070772,
    0.6556196879984253,
    0.6575911550511649,
    0.658531694350096,
    0.6612796819263336,
    0.6643263917220495,
    0.6630950798531192,
    0.6700731823178373,
    0.6674469879594325,
    0.6699860818251918,
    0.6700952914905574,
    0.668098226929286,
    0.6710631488335562,
    0.6785330668754731,
    0.6726342074417355,
    0.6775248413961006,
    0.6788368212251509,
    0.6782165624457882,
    0.677727999294178,
    0.6787706507389442,
    0.6766474317531607,
    0.6777221633112823,
    0.6771516974604723,
    0.6731518129321094,
    0.6844351895668188,
    0.6846008976947264,
    0.6860900146008627,
    0.6914764232022164,
    0.69236661590452
  ],
  "train_accuracy": [
    0.4699117872450087,
    0.6276397026909722,
    0.6567571640014649,
    0.6746069886949327,
    0.6872907299465604,
    0.6919314363267687,
    0.7006161965264215,
    0.7080473454793295,
    0.7173609966701932,
    0.725256601969401,
    0.7383733707004123,
    0.7499305937025282,
    0.7696590508355035,
    0.7819670655992296,
    0.7970363108317057,
    0.8060113906860351,
    0.8132050916883681,
    0.8253482140435113,
    0.8252561187744141,
    0.8270407104492188,
    0.8387148920694987,
    0.8423063193427192,
    0.8455897733900282,
    0.847704077826606,
    0.8529497400919597,
    0.8538629447089301,
    0.8560425313313802,
    0.8563559765285916,
    0.8596721310085721,
    0.86364623175727,
    0.8696278296576606,
    0.8655111567179362,
    0.8666443252563476,
    0.8678739505343968,
    0.8739673572116428,
    0.8744474283854167,
    0.8753479554918078,
    0.880057012769911,
    0.879903933207194,
    0.8798755009969076,
    0.8800814353095161,
    0.8813432820638021,
    0.8846483654446072,
    0.8843128416273329,
    0.8864198769463433,
    0.8849468019273546,
    0.885316882663303,
    0.8863793902926975,
    0.8871547826131185,
    0.8891170586480035,
    0.8912849934895833,
    0.8923418935139974,
    0.887904184129503,
    0.8916485595703125,
    0.8919059160020616,
    0.8925287585788303,
    0.8940907457139757,
    0.8955392159356012,
    0.8935810640123155,
    0.8939947297837999,
    0.895939835442437,
    0.8958123270670573,
    0.8982428232828776,
    0.8971340688069661,
    0.8996725294325086,
    0.8983800591362847,
    0.8985097334120009,
    0.9004021920098199,
    0.901202006869846,
    0.8990418031480577,
    0.9018422190348307,
    0.9020548205905491,
    0.9041421254475911,
    0.9013075637817383,
    0.9032418780856662,
    0.9027450561523438,
    0.9027808125813802,
    0.9059327528211806,
    0.9059643046061198,
    0.9051901880900065,
    0.9062817043728298,
    0.9036471896701389,
    0.9046223661634657,
    0.9077028656005859,
    0.9069073062472873,
    0.9064757876925998,
    0.9067704010009766,
    0.9076546181572808,
    0.9051924218071832,
    0.9078653971354167,
    0.9084957843356662,
    0.9086303583780925,
    0.910093862745497,
    0.9105778503417968
  ],