{
  "train_loss": [
    0.985703641043769,
    0.9734005488289728,
    0.9754181485705905,
    0.9649223205778333,
    0.964684735139211,
    0.9600626511043973,
    0.9599154530631171,
    0.953038113647037,
    0.9555023135079278,
    0.9552391121122572,
    0.9568046893013848,
    0.9516794702741835,
    0.9544018761316935,
    0.9487525648540921,
    0.9491831321186489,
    0.9470071294572618,
    0.9480430891778734,
    0.9509973446528117,
    0.9485979398091634,
    0.9439964010980394,
    0.9417478341526455,
    0.9431421499782139,
    0.935595719549391,
    0.9423075397809346,
    0.9463255786895752,
    0.9328433677885267,
    0.9382067759831746,
    0.9285804205470615,
    0.9369561107953389,
    0.9335722912682427,
    0.9305830732981364,
    0.9282247220145331,
    0.9247694698969523
  ],
  "train_f_score": [
    0.6962745771188594,
    0.7044863724837763,
    0.701817508904168,
    0.7130297322675385,
    0.7099543603188856,
    0.7120769331125938,
    0.7157080329895311,
    0.7112163302280691,
    0.7207627314866359,
    0.7109316450486513,
    0.7179100601196013,
    0.7145211450371239,
    0.7192064935845014,
    0.7151388130806132,
    0.7192323121671333,
    0.7206801452262742,
    0.7215961912663951,
    0.718219793977651,
    0.7207619892715436,
    0.7228819435527072,
    0.717470774865568,
    0.7234414886665358,
    0.7267333843351503,
    0.7186612762697538,
    0.7172723300108308,
    0.728902309141429,
    0.7290300931321302,
    0.7307129957955216,
    0.7265731105490981,
    0.7276580436597947,
    0.7322925962034043,
    0.7357991943993542,
    0.7360024863937847
  ],
  "train_accuracy": [
    0.9224425803290474,
    0.9246255705091688,
    0.9243687099880642,
    0.9268483352661133,
    0.9265684933132595,
    0.9266281678941515,
    0.9267499330308703,
    0.9284740151299371,
    0.927613059149848,
    0.9279075792100695,
    0.9271879323323567,
    0.9285737694634332,
    0.9275650999281142,
    0.9286815431382921,
    0.928285035027398,
    0.9288042661878798,
    0.9289530393812392,
    0.9279011832343207,
    0.9284456253051758,
    0.9293556679619683,
    0.9293318218655057,
    0.9285215674506293,
    0.9295070097181533,
    0.9293382517496744,
    0.9285630035400391,
    0.930560188293457,
    0.9305552037556967,
    0.9310463841756185,
    0.9304284498426649,
    0.9307284630669488,
    0.9306258138020833,
    0.9307644822862413,
    0.9312383227878147
  ],
  "val_loss": [
    1.1827669620513916,
    1.1589945983886718,
    1.1412793731689452,
    1.1389259338378905,
    1.17296368598938,
    1.1512450981140137,
    1.2365568971633911,
    1.1625413799285889,
    1.201251630783081,
    1.1551734161376954,
    1.151273078918457,
    1.170052065849304,
    1.21677472114563,
    1.2123911905288696,
    1.192881808280945,
    1.1737914848327637,
    1.1818276977539062,
    1.2119225645065308,
    1.1731971836090087,
    1.186748743057251,
    1.2298752689361572,
    1.197271466255188,
    1.1806075811386108,
    1.2061669683456422,
    1.1898761463165284,
    1.159292507171631,
    1.2183815050125122,
    1.1526591396331787,
    1.186985855102539,
    1.1854903268814088,
    1.2210093021392823,
    1.2390572690963746,
    1.1769162368774415
  ],
  "val_f_score": [
    0.6529948967682376,
    0.6762641751971207,
    0.6958472525585166,
    0.6846469149277646,
    0.6490359711891981,
    0.6732381020223699,
    0.6219137272359267,
    0.6726445601278936,
    0.6542559738269534,
    0.6848244436159111,
    0.6840491382730174,
    0.6721867318190138,
    0.640801635855936,
    0.6401425816080591,
    0.6587282918660926,
    0.6694805879484069,
    0.6771418855154985,
    0.6523964596016132,
    0.6622739412952324,
    0.6776186292166555,
    0.6393867744951922,
    0.6652757840965935,
    0.6563722196379472,
    0.6695742923766266,
    0.6539467829900976,
    0.6884612080319161,
    0.6385512101110878,
    0.6842188149098645,
    0.6581131711738455,
    0.6553413227117233,
    0.6436139413454085,
    0.6342785898869825,
    0.6669542845852547
  ],
  "val_accuracy": [
    0.8813935089111328,
    0.8852476501464843,
    0.8878336715698242,
    0.8838057327270508,
    0.8868110275268555,
    0.8867821502685547,
    0.8788731002807617,
    0.8863291931152344,
    0.8789504241943359,
    0.8869780731201172,
    0.885343360900879,
    0.8809344863891602,
    0.8846378707885743,
    0.8840546417236328,
    0.8851915740966797,
    0.8843219375610352,
    0.8866928482055664,
    0.8813420486450195,
    0.888034439086914,
    0.8837592697143555,
    0.8818598556518554,
    0.8819067001342773,
    0.8878350448608399,
    0.8812174606323242,
    0.8868875885009766,
    0.8848785781860351,
    0.8816594696044922,
    0.887592658996582,
    0.8861968612670899,
    0.8874789428710937,
    0.8836814880371093,
    0.8780944061279297,
    0.8836325836181641
  ],
  "lr": [
    0.00039997532649633215,
    0.00039990131207314633,
    0.00039977797499239404,
    0.00039960534568565434,
    0.0003993834667466256,
    0.000399112392920616,
    0.000398792191091036,
    0.0003984229402628956,
    0.0003980047315433115,
    0.00039753766811902755,
    0.00039702186523095476,
    0.00039645745014573776,
    0.00039584456212435316,
    0.00039518335238774953,
    0.00039447398407953536,
    0.00039371663222572626,
    0.0003929114836915597,
    0.00039205873713538873,
    0.0003911586029596661,
    0.0003902113032590308,
    0.00038921707176550914,
    0.0003881761537908452,
    0.0003870888061659736,
    0.0003859552971776504,
    0.00038477590650225744,
    0.0003835509251367963,
    0.0003822806553270891,
    0.00038096541049320397,
    0.0003796055151521232,
    0.00037820130483767365,
    0.00037675312601773885,
    0.00037526133600877283,
    0.00037372630288763837
  ]
}