{
  "train_loss": [
    3.0761187998453776,
    2.1899922275543213,
    2.0171624279022216,
    1.9470303424199422,
    1.855135759777493,
    1.827131879594591,
    1.7755912399291993,
    1.6695365725623237,
    1.598455599149068,
    1.5237538862228392,
    1.4821768834855822,
    1.3982530562082927,
    1.3343961090511747,
    1.2770548762215508,
    1.2348050218158297,
    1.2117023796505397,
    1.1884563456641304,
    1.1605596335728963,
    1.1360686927371555,
    1.1217236648665534,
    1.0960413053300646,
    1.0834166812896728,
    1.0682786183887059,
    1.0518102969063652,
    1.0205693917804295,
    1.0216488085852728,
    0.9998014179865519,
    1.0098631895913017,
    0.9911145962609185,
    0.9798461023966472,
    0.971405078570048,
    0.9616038052241007,
    0.949852061536577,
    0.9415130498674181,
    0.9445122043291728,
    0.9296921314133538,
    0.9087584879663255,
    0.9096679491466946,
    0.9046359682083129,
    0.8937738092740377,
    0.9040879848268297,
    0.8870582734213935,
    0.8814387599627177,
    0.869568158255683,
    0.8628477149539524,
    0.8636356552441915,
    0.8538873158560859,
    0.8538447422451443,
    0.8466665159331428,
    0.8268377049763997,
    0.8261026875178019,
    0.8281516530778673,
    0.8273779667748346,
    0.8306031539705064,
    0.8194609517521328,
    0.8239849368731181,
    0.8110854442914327,
    0.7964789496527778,
    0.8069718991385566,
    0.8083621279398601,
    0.8012904768519932,
    0.7868512217203776,
    0.7928249745898777,
    0.7845487403869629,
    0.7834588146209717,
    0.7832184929317898,
    0.782203672726949,
    0.7700944519042969,
    0.770448943508996,
    0.7665104913711548,
    0.7697362618976169,
    0.7671609936820136,
    0.7701760662926568,
    0.7659178076850044,
    0.7546071810192532,
    0.754808939297994,
    0.7510830839474996,
    0.749972866376241,
    0.7447728986210294,
    0.7445837386449178,
    0.7411680017577277,
    0.7446154854032728,
    0.7383318898412916,
    0.7370354930559794,
    0.7384963999854194,
    0.7354073190689087,
    0.7298628070619371,
    0.7253749261962043,
    0.7234000073538887,
    0.7195241006215414,
    0.7275777702861362,
    0.7170124758614435,
    0.7235219886567857,
    0.7230972875489129,
    0.7190461730957032,
    0.7146639908684624,
    0.7105960024727715,
    0.706888026131524,
    0.7117871435483297,
    0.7062325999471877
  ],
  "train_f_score": [
    0.08652643216429096,
    0.10948062433662743,
    0.1165909711792532,
    0.12737243721221367,
    0.15420418935815478,
    0.1812623999031292,
    0.2139146087247009,
    0.27091290018253394,
    0.30375569124564056,
    0.33170314219792824,
    0.34751470085880504,
    0.3650141741443511,
    0.4019431997306853,
    0.4195874781728159,
    0.44188248389521473,
    0.445423390382803,
    0.45608069570810045,
    0.4750845432778301,
    0.47747967008724035,
    0.49225056510072307,
    0.5019938677074284,
    0.5132980827290844,
    0.5174742494937599,
    0.52852888652878,
    0.5261008781452619,
    0.5332402905526891,
    0.5423102065688182,
    0.5515644826643261,
    0.5636574999728138,
    0.5597444163259265,
    0.5629258333031703,
    0.5712379859386426,
    0.5749438448733101,
    0.580773470546435,
    0.5822357330533804,
    0.584634210837154,
    0.5956060204487121,
    0.5961612840078644,
    0.5927033326374251,
    0.6030730077072218,
    0.5992213589125711,
    0.6103009355720405,
    0.6133458869958064,
    0.623888887190565,
    0.6209200898732676,
    0.6199493346212563,
    0.6215475653347365,
    0.6172483508076894,
    0.6299085222700699,
    0.6366739933702832,
    0.6426761870503044,
    0.6339306068895729,
    0.6400106820935805,
    0.6320440770954706,
    0.6352216697429326,
    0.6331809142614565,
    0.6477446767934766,
    0.6511346547460275,
    0.6447289405120451,
    0.637186841561717,
    0.649025678400931,
    0.6637810483608471,
    0.653383839553964,
    0.658767480764482,
    0.657893092732238,
    0.6601497250402532,
    0.6589023769512025,
    0.6630136585172856,
    0.6659467486733033,
    0.6608700043394256,
    0.6676269858402115,
    0.6680853214707893,
    0.6671520592747248,
    0.6666763012510134,
    0.6736660916246203,
    0.6763969081874286,
    0.6726192309627476,
    0.6806155227674304,
    0.6836957178566384,
    0.680172319263611,
    0.6812959949147981,
    0.6895837150301248,
    0.6800744027326338,
    0.686763781753425,
    0.6835533384594271,
    0.6798536805683991,
    0.6915726084072438,
    0.6834980922124965,
    0.6963546184706454,
    0.6876734390247642,
    0.6880455506821228,
    0.6951487380697543,
    0.6909513497216356,
    0.6993179829958696,
    0.690306900582952,
    0.6989718120460175,
    0.6997416582038574,
    0.7083549069888355,
    0.7011335604891298,
    0.7098819999779846
  ],
  "train_accuracy": [
    0.4816327455308702,
    0.6295552359686958,
    0.6575920740763347,
    0.6755139541625976,
    0.693959240383572,
    0.6949576144748264,
    0.6981112416585287,
    0.7202209684583876,
    0.7310872311062283,
    0.7468437957763672,
    0.7585867733425564,
    0.7795576095581055,
    0.7947348149617514,
    0.8073987028333875,
    0.8154283693101672,
    0.8201476754082574,
    0.8231526692708333,
    0.8291475847032335,
    0.8348753229777018,
    0.8375547705756293,
    0.8430047014024522,
    0.8446863640679253,
    0.8494783020019532,
    0.8507112375895183,
    0.8588336563110351,
    0.8598921627468533,
    0.8640370093451606,
    0.8599973636203342,
    0.8654552841186524,
    0.8677867550320095,
    0.8697658708360461,
    0.8716173299153646,
    0.8746223788791233,
    0.8754958724975586,
    0.8755826399061415,
    0.8787198978000217,
    0.8842798317803277,
    0.8829402669270834,
    0.8845802646213108,
    0.8868377685546875,
    0.8841747326321072,
    0.8887187830607096,
    0.8894132698906793,
    0.8925243843926324,
    0.8938789028591579,
    0.8935302268134223,
    0.8964479361640082,
    0.8957583660549587,
    0.8983629226684571,
    0.9031255806816949,
    0.9030310991075304,
    0.9023334587944879,
    0.9016637886895074,
    0.901798333062066,
    0.9039795981513129,
    0.9030664825439453,
    0.9066319190131293,
    0.9095518959893121,
    0.9067210430569119,
    0.9071177207099067,
    0.9085948096381293,
    0.91183044857449,
    0.9106216303507487,
    0.9119953621758355,
    0.9131540383232964,
    0.9129924562242296,
    0.9130022388034397,
    0.9162319225735135,
    0.9155623669094509,
    0.9170474539862739,
    0.9159176762898763,
    0.9162873840332031,
    0.9149414274427626,
    0.916651022169325,
    0.9195190132988824,
    0.9193092897203233,
    0.9198808161417643,
    0.9204317940606012,
    0.9216506576538086,
    0.9217522599962023,
    0.9222911580403645,
    0.9209445910983616,
    0.9230625534057617,
    0.92267332288954,
    0.9226836098564996,
    0.9234601381089952,
    0.9249847284952799,
    0.9264506149291992,
    0.9256451627943251,
    0.9270109303792318,
    0.9246072726779514,
    0.9275774510701498,
    0.9255053244696723,
    0.9258766598171658,
    0.9269356155395507,
    0.9277528042263455,
    0.9285689290364584,
    0.9293424394395616,
    0.9280763795640734,
    0.9297832573784722
  ],