{
  "train_loss": [
    3.594339464391981,
    2.6596199359212602,
    2.4756572246551514,
    2.387177663190024,
    2.2843775919505527,
    2.21896459375109,
    2.1226398178509305,
    2.042884592499052,
    1.9539001200880324,
    1.8386677716459547,
    1.7567571699619293,
    1.6878731506211417,
    1.6290466359683446,
    1.5627432763576508,
    1.5297196762902396,
    1.4960183799266815,
    1.4603048052106584,
    1.4284126673425948,
    1.4051796623638697,
    1.3732546312468392,
    1.3652054156575884,
    1.340645785842623,
    1.320195415190288,
    1.3074005033288683,
    1.292919009923935,
    1.2814808530466897,
    1.2700521647930145,
    1.2630959366049086,
    1.2613421848842077,
    1.2579571519579207,
    1.3764564096927643,
    1.3552415370941162,
    1.3413905714239394,
    1.3234205118247442,
    1.3210184872150421,
    1.2977471223899297,
    1.3034047399248396,
    1.2784169827188765,
    1.2734551642622267,
    1.2603871950081416,
    1.2517873644828796,
    1.23280645268304,
    1.2249205240181513,
    1.2161696468080794,
    1.2033456351075853,
    1.2015794983931951,
    1.1841365226677485,
    1.175333661692483,
    1.1660319992474146,
    1.1520865389278956,
    1.1419100207941872,
    1.1404472036021096,
    1.132861431155886,
    1.1218580433300562,
    1.1158525007111686,
    1.0989952726023537
  ],
  "train_f_score": [
    0.08936708562868816,
    0.10907234704969349,
    0.11460189516332615,
    0.13277282052412454,
    0.16038686029267943,
    0.19317210908045124,
    0.25154076382344404,
    0.28219743150123994,
    0.30809736836715274,
    0.3411595039523187,
    0.37054324587267345,
    0.3954508797442902,
    0.4151830658362804,
    0.4317761285608465,
    0.447191872957703,
    0.46104841405133046,
    0.4730406733700788,
    0.4858378380369735,
    0.49358323586112374,
    0.5067289419912819,
    0.5120784770273528,
    0.5242930651161578,
    0.5295016655211733,
    0.5384441461026077,
    0.5394249629904689,
    0.5475762404238534,
    0.5465289744010106,
    0.5549484188057832,
    0.5529598895973865,
    0.5598259654080684,
    0.5152996271469671,
    0.5234703023462735,
    0.5287911981519905,
    0.5397034917239663,
    0.5415647852528602,
    0.5538314760296809,
    0.5493774407359244,
    0.5557233488314991,
    0.5693985235420755,
    0.5690320371735098,
    0.5685836364073344,
    0.5707630030063781,
    0.5837705299320168,
    0.5853616354000009,
    0.5947341539299665,
    0.5933763233841637,
    0.60237098576527,
    0.6052471422654663,
    0.6051414331624443,
    0.6158701478632249,
    0.6188261826685129,
    0.6207952183072235,
    0.6244231271754926,
    0.6318706418272716,
    0.6295517469511859,
    0.6305698037773988
  ],
  "train_accuracy": [
    0.5020037548882621,
    0.6227749415806362,
    0.6553970234734672,
    0.6744495417390551,
    0.6926962052072797,
    0.6983623334339687,
    0.7130981045109885,
    0.7210273104054588,
    0.7386595564229148,
    0.7633651835577828,
    0.7782081493309566,
    0.7919242765222277,
    0.8026284064565387,
    0.815049797296524,
    0.8202944355351585,
    0.8259119093418121,
    0.8323921476091657,
    0.8373751853193555,
    0.8422979159014565,
    0.8497343233653477,
    0.8499157726764679,
    0.8544697633811406,
    0.8599557876586914,
    0.8617870509624481,
    0.8643403010708945,
    0.8670565358230046,
    0.8690021676676614,
    0.8703510888985225,
    0.8709792622498104,
    0.8715952209063939,
    0.8456706574984959,
    0.8502345638615745,
    0.8529249472277505,
    0.8581100830010006,
    0.8557310785566058,
    0.8602741062641144,
    0.8606776595115662,
    0.8649324561868396,
    0.8663518130779266,
    0.8681833658899579,
    0.8703461161681584,
    0.8741898536682129,
    0.8762462522302356,
    0.8785013130732945,
    0.8804644388811929,
    0.8800649046897888,
    0.8841290303639003,
    0.8860807120800018,
    0.8878573051520756,
    0.8908813936369759,
    0.892795592546463,
    0.8921978686537061,
    0.8944385605198997,
    0.897395840712956,
    0.8983734377792904,
    0.9025453456810543
  ],
  "val_loss": [
    3.4907730293273924,
    2.6876943588256834,
    2.5215591907501222,
    2.6132245445251465,
    2.408186197280884,
    2.3190669631958007,
    2.291337461471558,
    2.24807089805603,
    2.0589654064178466,
    1.9222228956222533,
    1.8985526275634765,
    1.8247894191741942,
    1.7117980575561524,
    1.6741805744171143,
    1.6184078121185304,
    1.6381479930877685,
    1.5726792240142822,
    1.5672879600524903,
    1.5085266876220702,
    1.5231958770751952,
    1.5038426685333253,
    1.471477222442627,
    1.4546430540084838,
    1.421672773361206,
    1.4118141031265259,
    1.3968443155288697,
    1.3976076412200928,
    1.415750732421875,
    1.3855177068710327,
    1.3900170564651488,
    1.5022778463363649,
    1.481158709526062,
    1.4763757038116454,
    1.4579600429534911,
    1.425371618270874,
    1.5593177223205565,
    1.4336756372451782,
    1.4252711629867554,
    1.373900489807129,
    1.441636505126953,
    1.3737490558624268,
    1.3785894441604614,
    1.3373229694366455,
    1.3641248798370362,
    1.3566703224182128,
    1.3505861377716064,
    1.3776537275314331,
    1.3545549345016479,
    1.3384824085235596,
    1.2894596862792969,
    1.2857994794845582,
    1.3348989582061768,
    1.2942630767822265,
    1.281871910095215,
    1.2727128505706786,
    1.2811341381072998
  ],
  "val_f_score": [
    0.027024366024984856,
    0.11008495541276916,
    0.12185904220961549,
    0.1367271463477949,
    0.18632140787090876,
    0.2217191657778693,
    0.2589111902246562,
    0.29429050088966846,
    0.3289601140310844,
    0.36687622587660534,
    0.3779582790285311,
    0.399260590785722,
    0.445100252465182,
    0.4685019125036643,
    0.4732590681875629,
    0.48014729637833653,
    0.4997427318900958,
    0.5194353591762796,
    0.5162457323261394,
    0.5258777753224841,
    0.5242816797944041,
    0.5371103119262594,
    0.5491501002392309,
    0.5604262651580729,
    0.5577214768639644,
    0.5662412489006126,
    0.5675348516423322,
    0.560322472252765,
    0.5674937916293579,
    0.5670677766450529,
    0.5357152816630171,
    0.5445589346670223,
    0.5408741884920445,
    0.5443893241909316,
    0.5625617837600766,
    0.5365604643065714,
    0.5639603583236428,
    0.5652496604679342,
    0.5708319728701436,
    0.5517145288657352,
    0.5695994184477864,
    0.5860691822182316,
    0.5841528689721497,
    0.573698820321363,
    0.581871641476129,
    0.5575350707357297,
    0.5516835083485967,
    0.5731250275035908,
    0.5704795217468213,
    0.5966043107247836,
    0.6001043608890941,
    0.591417680409021,
    0.6008725015142441,
    0.6116156540868039,
    0.6027586633215266,
    0.6293908822948979
  ],