{
  "train_loss": [
    1.4306889772415161,
    1.1759536255730523,
    1.1003042734993829,
    1.0724981297387017,
    1.0461698460578919,
    1.017561625374688,
    0.978569671842787,
    0.935202198823293,
    0.9078571102354261,
    0.8763028823004828,
    0.8454803850915696,
    0.8143304941389296,
    0.7962400205930074,
    0.7674760169453091,
    0.7540717649459839,
    0.7347997760772705,
    0.7246285973654853,
    0.7142814148796929,
    0.7032686848110623,
    0.6947197124693129,
    0.6878994904624092,
    0.6854671695497301,
    0.6747930219438341,
    0.6705993729167514,
    0.6659077533086141,
    0.6610900259017944,
    0.6556568254364862,
    0.6545977009667291,
    0.6468035695287916,
    0.6439522491561042,
    0.6419742589526706,
    0.6353922783003914,
    0.6356750943925645,
    0.6307729906506009,
    0.6317718603875901,
    0.6270919971995883,
    0.6243598463800218,
    0.6224812205632527,
    0.6185054829385546,
    0.61739580127928,
    0.611362963517507,
    0.6140318862597147,
    0.6106191529168024,
    0.609408651192983,
    0.6066927329699199,
    0.6055214932229784,
    0.605039025147756,
    0.6033068248960707,
    0.6009882807731628,
    0.6023577769597371,
    0.6000775872336493,
    0.5965089866850111,
    0.5969705960485671,
    0.5944479269451565,
    0.5916604243384467,
    0.59112110959159,
    0.5902984433703953,
    0.5897881531715393,
    0.5867475483152601,
    0.5883825553788079,
    0.5890810298919678,
    0.5862003734376695,
    0.5883280732896593,
    0.5856708039177788,
    0.582013672457801,
    0.583073942926195,
    0.5786661836836073,
    0.5782728391223484,
    0.5778314277860853,
    0.5778849781884088,
    0.5730903360578748,
    0.5747703186670939,
    0.5706150099966261,
    0.5760501053598192,
    0.5724930392371284,
    0.5713889349831475,
    0.571460837788052,
    0.5677164467175801,
    0.5671721394856771,
    0.5726896696620517,
    0.5690893610318501,
    0.5650347428851658,
    0.5673382170995076,
    0.5623450798458524,
    0.5616603504286872,
    0.5601967612902323,
    0.5619746987024943,
    0.5664041556252374,
    0.5566148938073052,
    0.558795227209727,
    0.5549337601661682,
    0.5565992270575629,
    0.5541703020201789,
    0.5534702028168572,
    0.5507791811890073,
    0.5508367382155525,
    0.5521956719292535,
    0.5519902409447563
  ],
  "train_f_score": [
    0.08666474092713951,
    0.10829351973262029,
    0.1172678252649453,
    0.12344103184036868,
    0.1450796792397,
    0.17330823144304672,
    0.22405677817284333,
    0.280830803991951,
    0.30574258149074623,
    0.3313414718007344,
    0.35782052947322013,
    0.3905835826828538,
    0.4101120809796815,
    0.4345628576489295,
    0.4447116393506832,
    0.45825002443374613,
    0.46615914579066964,
    0.4838808847492672,
    0.4942517783244985,
    0.5054629958445416,
    0.5101618945178457,
    0.512604542429468,
    0.5234186539395536,
    0.5368332616861599,
    0.5425747647911836,
    0.5408949559524184,
    0.5448135439309982,
    0.5514921422274477,
    0.5679734940003182,
    0.5703348091682313,
    0.5668261519329344,
    0.5800656849416389,
    0.5797864113642992,
    0.5786330169339787,
    0.5870745077610312,
    0.5930413416406781,
    0.5960398483060331,
    0.5891339367229486,
    0.601722489672346,
    0.5961430162541653,
    0.612481355900938,
    0.6137621708580517,
    0.6114602918764767,
    0.61613320766578,
    0.6215950582141727,
    0.6205785047309113,
    0.6220684678053096,
    0.6269737776218803,
    0.6210661390824768,
    0.6261040065044284,
    0.6280566355049044,
    0.6372735048399825,
    0.6293497615419459,
    0.6350112832863796,
    0.6324198880934098,
    0.634592235726794,
    0.6407271660825894,
    0.6395769988801131,
    0.6431091202772747,
    0.6419022687477863,
    0.6381779655010531,
    0.6455101678862647,
    0.6397101307928172,
    0.6478206825002909,
    0.6446656530738627,
    0.6511066750892629,
    0.6515833160562636,
    0.6514496291213374,
    0.6554888810803116,
    0.6587408432105946,
    0.6586963924879067,
    0.6575311814690633,
    0.6595923887098629,
    0.657640131328402,
    0.6618847695723507,
    0.6582561701789511,
    0.6657345553972225,
    0.6693974758120071,
    0.6703194777610146,
    0.6615178961310483,
    0.6620420258723381,
    0.6724614358135322,
    0.6698357862452707,
    0.6709789801303596,
    0.6748509331541112,
    0.6753220360621635,
    0.6724830987866597,
    0.6688647965194705,
    0.6812750254381628,
    0.6754663493209657,
    0.6896061466667442,
    0.6818768847862884,
    0.6917751066356508,
    0.6866284429661972,
    0.6889045430487848,
    0.6857156036428038,
    0.682791395102072,
    0.6903517617189162
  ],
  "train_accuracy": [
    0.4741606182522244,
    0.6210984547932943,
    0.6549257278442383,
    0.672046275668674,
    0.6854777314927842,
    0.6897891235351562,
    0.7014556376139323,
    0.7090563583374023,
    0.7167798741658529,
    0.7288862821790907,
    0.7474021742078993,
    0.7664720069037544,
    0.7737900161743164,
    0.7923188485039605,
    0.7972578472561307,
    0.8110062789916992,
    0.8154720052083333,
    0.8219738515218099,
    0.8271986346774631,
    0.8340120442708333,
    0.8352922609117296,
    0.8358535724216037,
    0.8443114980061849,
    0.8443536758422852,
    0.8458258395724826,
    0.8498604287041558,
    0.8542578930324979,
    0.852896842956543,
    0.8596269438001845,
    0.8614713075425889,
    0.8595845964219835,
    0.8658632447984483,
    0.8634294340345594,
    0.8684207492404514,
    0.8667792977227105,
    0.8693701595730252,
    0.8708568572998047,
    0.8725069046020508,
    0.8746715503268772,
    0.8762890328301324,
    0.8794654507107205,
    0.8798890982733832,
    0.881982782151964,
    0.8825336244371202,
    0.8812627410888672,
    0.8819591395060221,
    0.8827124574449328,
    0.8854296959771051,
    0.8841858206854927,
    0.8828404320610894,
    0.887205204433865,
    0.8887533738878038,
    0.8886246702406142,
    0.8904036288791233,
    0.8900978597005208,
    0.8925294748942058,
    0.890877571105957,
    0.8914761182996962,
    0.8945528835720487,
    0.8915721130371094,
    0.8937951999240451,
    0.894151865641276,
    0.8924196200900608,
    0.8942359754774305,
    0.8948575168185764,
    0.8963374116685655,
    0.8971466912163628,
    0.8985870107014974,
    0.899767574734158,
    0.8996993849012587,
    0.8994168260362413,
    0.8985495461357964,
    0.9004305691189236,
    0.8989359368218316,
    0.8974843004014756,
    0.9010203128390842,
    0.8996947097778321,
    0.9020546171400282,
    0.9024207899305555,
    0.8995138253106011,
    0.9019317626953125,
    0.9044077767266168,
    0.901764759487576,
    0.9041223992241754,
    0.9035803604125977,
    0.9051495827568902,
    0.9039087253146701,
    0.9024524476793078,
    0.9060869556003147,
    0.9043932384914822,
    0.9076610861884223,
    0.9072953457302517,
    0.9079506513807508,
    0.9095438554551867,
    0.909471312628852,
    0.9081709289550781,
    0.9088004853990342,
    0.9102720430162218
  ],