{
  "train_loss": [
    4.057518320424216,
    3.0960773485047475,
    2.919511778014047,
    2.8254655429295132,
    2.735966580254691,
    2.630391435963767,
    2.527977023805891,
    2.4164919086865018,
    2.31435478585107,
    2.2302787729672024,
    2.1341726694788252,
    2.022338615996497,
    1.9642040133476257,
    1.9243670105934143,
    1.855011590889522,
    1.8228263854980469,
    1.7927569619246893,
    1.7610511183738708,
    1.7324153355189733,
    1.7160269447735377,
    1.6639032704489571,
    1.6513625596250807,
    1.634456924029759,
    1.6113795340061188,
    1.5820735096931458,
    1.5952014752796717,
    1.5753388234547205,
    1.5623601547309331,
    1.536200029509408,
    1.535870373249054,
    1.526829523699624,
    1.522433489561081,
    1.4979427712304252,
    1.5061633033411843,
    1.4861206923212325,
    1.477198255913598,
    1.4757139810494013,
    1.4536634470735277,
    1.4540661062513078,
    1.4355812328202384,
    1.4351136173520769,
    1.4215569836752755,
    1.4182553419045039,
    1.41333612373897,
    1.402922966650554,
    1.3978902058941978,
    1.389295939888273,
    1.3776962118489402,
    1.3831642951284135,
    1.3738147190638952,
    1.379861410175051,
    1.353844084909984,
    1.3599743970802851,
    1.3528611958026886,
    1.3468584205423082,
    1.337125961269651,
    1.3369752977575575,
    1.3357033942426955,
    1.3266239038535528,
    1.324577740260533,
    1.3197644012314933,
    1.3157317851270949,
    1.3125314116477966,
    1.3113267421722412,
    1.3010162924017226,
    1.2950771834169115,
    1.2934133580752782,
    1.2811460154397147,
    1.2820600696972437,
    1.2731244776930128,
    1.2705582593168532,
    1.2741325199604034,
    1.2785356725965227,
    1.2718946593148368,
    1.2638722573007857,
    1.261140444449016,
    1.2629244582993644,
    1.2493868470191956,
    1.2547682055405207,
    1.2556237493242537,
    1.2523655891418457,
    1.2434316107204981,
    1.2504387242453439,
    1.2375735597951072,
    1.2356922115598405,
    1.2339214852878027,
    1.2307419734341758,
    1.2294781250613076,
    1.2175671883991785,
    1.2188233051981245,
    1.2194753672395433,
    1.222149751016072,
    1.2046065500804357,
    1.2101148579801833,
    1.2041339916842324,
    1.206252349274499,
    1.195201929126467,
    1.1914697076593126
  ],
  "train_f_score": [
    0.09209675332893437,
    0.11046094089464398,
    0.11597707389692269,
    0.12349960786750848,
    0.15184293216746345,
    0.19407421910487457,
    0.24659797220910754,
    0.28908550782939774,
    0.3167699192414086,
    0.33492630698083004,
    0.367290218305035,
    0.4027820137053144,
    0.4194636193413911,
    0.43551222488071334,
    0.43914560165346905,
    0.46163982510482626,
    0.4765453575787019,
    0.4786482762499586,
    0.49904220810113353,
    0.49693128122600594,
    0.5118955138045193,
    0.527346308043086,
    0.5260885924616302,
    0.536632490739415,
    0.5446291015764954,
    0.544579807439482,
    0.5518020992769527,
    0.5582813061354389,
    0.5757555872670377,
    0.5626578951008161,
    0.5820748561903131,
    0.5817837896297726,
    0.5844710178616548,
    0.5892633577541748,
    0.5938906529941868,
    0.5991854725914508,
    0.5985703231112869,
    0.6054522198827383,
    0.6027212341025674,
    0.6134140664843792,
    0.610584142143546,
    0.6221680427517834,
    0.6128937364241321,
    0.6206822280840681,
    0.6258205502087048,
    0.6285156534237266,
    0.6276137921542999,
    0.6412676298636569,
    0.634203746617683,
    0.6320488205117746,
    0.6371254134662931,
    0.6385465330020477,
    0.6476254876763434,
    0.6504679802863977,
    0.6486130476054874,
    0.6486121237562815,
    0.6549226960939682,
    0.6502649822276972,
    0.6599507561038667,
    0.656136944850026,
    0.6620410798984826,
    0.6616167543821891,
    0.6629777114759313,
    0.665887619890699,
    0.6692213166013435,
    0.6713502616390336,
    0.6747484256323136,
    0.6782671571270757,
    0.6833084646084638,
    0.6830777072699336,
    0.6793797706736473,
    0.6802678952982575,
    0.6785515126302263,
    0.679927106358897,
    0.6889844007519449,
    0.6924658509413721,
    0.6856383597023826,
    0.6924976627663674,
    0.6865441801553442,
    0.6910282854402006,
    0.6942806716189763,
    0.6936181627056982,
    0.6908759539663993,
    0.700896496165684,
    0.699643541434961,
    0.6990966957045072,
    0.6946870072614068,
    0.7052940052053415,
    0.7102513594502504,
    0.7015109562123951,
    0.7067477330521761,
    0.6972449593234717,
    0.7165098166129446,
    0.7164409176586044,
    0.711110334482349,
    0.7103184070060884,
    0.7201774792973955,
    0.719486423441821
  ],
  "train_accuracy": [
    0.514778631074088,
    0.6366100183555058,
    0.6619094227041517,
    0.6853242559092385,
    0.6932140588760376,
    0.7038504779338837,
    0.7112219120774951,
    0.7232749845300402,
    0.742018576179232,
    0.7554580909865243,
    0.7703483743327004,
    0.7895252960068839,
    0.8004870797906604,
    0.803688679422651,
    0.8180232856954847,
    0.8225887630667005,
    0.8277321968759809,
    0.8324504707540784,
    0.836031973361969,
    0.838531860283443,
    0.8503657451697758,
    0.8511595002242497,
    0.8550490736961365,
    0.8584754041263035,
    0.863513708114624,
    0.8595210952418191,
    0.863059767654964,
    0.8663712654794965,
    0.871226749249867,
    0.8700874745845795,
    0.8713838756084442,
    0.8721104860305786,
    0.8763377070426941,
    0.8745992311409542,
    0.878304694380079,
    0.881405417408262,
    0.8801540008613041,
    0.8856733015605381,
    0.884592239345823,
    0.8889153727463314,
    0.8878449371882847,
    0.8914249794823783,
    0.8920509134020124,
    0.8922767298562186,
    0.894497560603278,
    0.8962055359567914,
    0.8968187826020377,
    0.8993241488933563,
    0.8968337816851479,
    0.900028258562088,
    0.898204505443573,
    0.9033968108040946,
    0.9029859006404877,
    0.9034823860440936,
    0.9047237208911351,
    0.9058200546673366,
    0.9057834531579699,
    0.9063710187162671,
    0.9079622115407672,
    0.9088673080716815,
    0.9095924879823413,
    0.9101779886654445,
    0.9101767114230565,
    0.9102601451533181,
    0.9121647264276233,
    0.9132633592401233,
    0.9132499950272697,
    0.9153146190302712,
    0.9149269717080253,
    0.9176112924303327,
    0.918026613337653,
    0.9168127988065992,
    0.9164766796997615,
    0.9168781893593925,
    0.9181445240974426,
    0.9181978149073464,
    0.919409590108054,
    0.9207120026860919,
    0.9206024578639439,
    0.9198672005108425,
    0.9202317765780857,
    0.9215192879949298,
    0.9204648051943097,
    0.9221854763371604,
    0.922996142080852,
    0.9225751374449048,
    0.9234642343861716,
    0.9239097365311214,
    0.9244670271873474,
    0.9254728087357112,
    0.9246218928268978,
    0.924157338482993,
    0.9256650975772313,
    0.925355042730059,
    0.9264919587544033,
    0.9268951501165118,
    0.927488944360188,
    0.9283116800444466
  ],