{
  "train_loss": [
    4.771895510809762,
    3.69760331937245,
    3.362525360924857,
    3.262142998831613,
    3.162063947745732,
    3.051638654300145,
    2.963475329535348,
    2.8608443566731045,
    2.706051366669791,
    2.5959028771945407,
    2.4955950719969615,
    2.412708376135145,
    2.3369359970092773,
    2.2604743242263794,
    2.2076062304633006,
    2.176339634827205,
    2.139690637588501,
    2.1102858100618636,
    2.076611042022705,
    2.0437600782939365,
    2.0147192776203156,
    1.989463529416493,
    1.9601225512368339,
    1.9385704951626914,
    1.9309053421020508,
    1.904842632157462,
    1.8982081285544805,
    1.8720961894307817,
    1.8622040280273982,
    1.8581074987139021,
    1.8505502002579826,
    1.828612825700215,
    1.8143801391124725,
    1.7959007493087225,
    1.7865858333451408,
    1.7651971536023277,
    1.7572346840585982,
    1.761437211717878,
    1.7473025705133165,
    1.7530319435255868,
    1.7364457760538374,
    1.728511324950627,
    1.7151779319558824,
    1.7090451759951455,
    1.7080055347510747,
    1.7030629643372126,
    1.6828662965978896,
    1.6737063058785029,
    1.6678266525268555,
    1.6813813064779555,
    1.6725268406527383,
    1.6597432919910975,
    1.6486886952604567,
    1.6467737002032143,
    1.6375271422522408,
    1.6364099085330963,
    1.626536339521408,
    1.6279004897390092,
    1.6198198710169112,
    1.626874451126371,
    1.6088218901838576,
    1.6074053304536002,
    1.6142233141830988,
    1.5993893699986594,
    1.5943604452269418,
    1.5948497354984283,
    1.5878046197550637,
    1.578335966382708,
    1.5765615105628967,
    1.5639309244496482,
    1.5739120074680872,
    1.5697683691978455,
    1.5693154292447227,
    1.5543559534209115,
    1.5551620977265495,
    1.5532406653676714,
    1.5437179676124029,
    1.5400607117584773
  ],
  "train_f_score": [
    0.08247894158438156,
    0.10993851263659649,
    0.11779132248562754,
    0.1290506840469368,
    0.15516174924455653,
    0.18988454487926515,
    0.22265988669940162,
    0.2687767213931392,
    0.31294658401655323,
    0.3384495401022512,
    0.36180126762812376,
    0.38115207873572865,
    0.4044077017165241,
    0.4214986983927766,
    0.4390557696439502,
    0.44864562119804063,
    0.46182343363150136,
    0.46367841310939745,
    0.4863333785925196,
    0.4874252358347942,
    0.5024076084999479,
    0.5082721623044942,
    0.5190904788534035,
    0.5296498665366391,
    0.5328923945490375,
    0.5443123961648083,
    0.5430341413247022,
    0.5526659706282506,
    0.5577798772298532,
    0.56621316916808,
    0.5704139226624901,
    0.5674097097548273,
    0.5752049255513613,
    0.5813198445334804,
    0.5888392119617275,
    0.5879849969852654,
    0.590694460697984,
    0.5987786918599581,
    0.6015340063884504,
    0.6010805906911993,
    0.6065878255828477,
    0.6118079682942605,
    0.6074431166677906,
    0.6173420504296361,
    0.6138406968460769,
    0.6185014890526289,
    0.6228512109111243,
    0.6271038629262379,
    0.631395838876325,
    0.6262968352396335,
    0.6272066886265353,
    0.630571803981112,
    0.6397658505469559,
    0.6372678406492579,
    0.6471885288757491,
    0.6459895017288092,
    0.6494817228315382,
    0.6456127610302834,
    0.6474125548346118,
    0.6435741159159326,
    0.6561531684124501,
    0.6530885391450807,
    0.6519672401763775,
    0.6547002327564163,
    0.6624850122194624,
    0.6580947293948257,
    0.6624976169373724,
    0.6644479210269131,
    0.665087560704183,
    0.6710455165289088,
    0.6666404581952908,
    0.669235634397411,
    0.6649091229263872,
    0.6671604906597802,
    0.6795752593600797,
    0.6720294648851628,
    0.6810369594640608,
    0.6763919071929678
  ],
  "train_accuracy": [
    0.44282052346638273,
    0.6328462362289429,
    0.6646956077643803,
    0.6813805486474719,
    0.6971441379615239,
    0.7033385293824332,
    0.7110392451286316,
    0.719579679625375,
    0.7395042393888746,
    0.7557985654899052,
    0.7713077749524798,
    0.7839551270008087,
    0.7940906243664878,
    0.807867876120976,
    0.8147428674357278,
    0.8160776836531503,
    0.8232200443744659,
    0.82832128235272,
    0.8330738374165126,
    0.8364961487906319,
    0.8414426105363029,
    0.8454006484576634,
    0.8493787518569401,
    0.8518593822206769,
    0.8534946484225137,
    0.8579791103090558,
    0.85694762638637,
    0.8630757289273399,
    0.8637593516281673,
    0.8651167239461627,
    0.8658011683395931,
    0.8692975895745414,
    0.8717653495924813,
    0.8756496906280518,
    0.8774168874536242,
    0.8815195603030068,
    0.8824889745031085,
    0.8815896894250598,
    0.8822395758969444,
    0.8814688793250492,
    0.8845081116471972,
    0.887079873255321,
    0.8888339655739921,
    0.8895620363099235,
    0.8895679499421801,
    0.8902489500386375,
    0.8946529030799866,
    0.8954796280179705,
    0.8968027872698647,
    0.8936431748526437,
    0.8946278265544346,
    0.8975985731397357,
    0.8993581788880485,
    0.8994237525122506,
    0.9006215802260807,
    0.9018754618508475,
    0.9030614963599614,
    0.9024355326380048,
    0.9036004585879189,
    0.9013803175517491,
    0.906353235244751,
    0.9055584626538413,
    0.9038428664207458,
    0.9065544988427844,
    0.9077488269124713,
    0.90775123664311,
    0.9086853308337075,
    0.9103823006153107,
    0.910872050694057,
    0.9123849613325936,
    0.9106257430144719,
    0.9119241791112083,
    0.911222870860781,
    0.9137460674558368,
    0.9141307388033185,
    0.913035477910723,
    0.9154073340552193,
    0.9149642969880786
  ],
  "val_loss": [
    4.78122615814209,
    3.5800606346130373,
    3.4212332344055176,
    3.4602038192749025,
    3.3641261291503906,
    3.2305836391448977,
    3.2239918994903562,
    2.907398290634155,
    2.7897140979766846,
    2.673673000335693,
    2.625802230834961,
    2.4704512977600097,
    2.4694213581085207,
    2.397128629684448,
    2.3140751838684084,
    2.229533386230469,
    2.217234754562378,
    2.229776496887207,
    2.207489891052246,
    2.124105839729309,
    2.2452814197540283,
    2.175431079864502,
    2.062078552246094,
    2.075115261077881,
    2.000294790267944,
    2.0665377140045167,
    2.0135334587097167,
    2.0260397243499755,
    2.000878391265869,
    2.097772536277771,
    1.9954654216766357,
    1.960469741821289,
    1.9456135272979735,
    1.9289452934265137,
    1.9851558589935303,
    1.910251531600952,
    1.9702853393554687,
    1.9389130973815918,
    1.9836889791488648,
    1.9140378332138062,
    1.886495156288147,
    1.8184802103042603,
    1.8470377826690674,
    1.8669974708557129,
    1.8155281400680543,
    1.8562687921524048,
    1.8511292695999146,
    1.8255332565307618,
    1.7638132190704345,
    1.8737861585617066,
    1.8629544878005981,
    1.8714726972579956,
    1.8179038047790528,
    1.8020316696166991,
    1.807700834274292,
    1.8367966222763061,
    1.8649358034133912,
    1.7365885496139526,
    1.874118251800537,
    1.7447571134567261,
    1.846587905883789,
    1.843065710067749,
    1.8128292560577393,
    1.8183299160003663,
    1.75155029296875,
    1.8096465015411376,
    1.7389764976501465,
    1.803973684310913,
    1.824302453994751,
    1.8995053958892822,
    1.8314575099945067,
    1.799672656059265,
    1.780322208404541,
    1.7059414386749268,
    1.7928489351272583,
    1.7813413333892822,
    1.7273325824737549,
    1.7013086128234862
  ],