{
  "train_loss": [
    3.894682763417562,
    3.658232053120931,
    3.2735464986165366,
    2.95494324154324,
    2.729397655063205,
    2.640958859125773,
    2.4381264040205215,
    2.391895858976576,
    2.2534877098931205,
    2.099348925484551,
    2.078542520734999,
    1.9675608974032932,
    1.9267476505703396,
    1.8886290401882595,
    1.8160243373446994,
    1.8267149930530124,
    1.757510486708747,
    1.7855400938457913,
    1.7224411667717827,
    1.662275718053182,
    1.660997829967075,
    1.6234680811564128,
    1.6003964402940538,
    1.5798723782433404,
    1.5728973801930746,
    1.5310025628407795,
    1.5369555229610867,
    1.4888688940472072,
    1.5076151413387722,
    1.4871733495924209,
    1.4805872874789767,
    1.4642452006869846,
    1.4258362558152942,
    1.4358781645033094,
    1.3988056956397164,
    1.3929930305480958,
    1.3885866991678875,
    1.3685998895433213,
    1.3866285377078587,
    1.326932914521959,
    1.3443638896942138,
    1.3324499564700656,
    1.3227872477637397,
    1.2908119837443033,
    1.2844177934858534,
    1.3022529718610976,
    1.2755584934022692,
    1.2786033492618136,
    1.2735557418399388,
    1.2698953289455837,
    1.2564027145173815,
    1.2339154344134862,
    1.2241470739576552,
    1.2310395685831705,
    1.2317901431189644,
    1.2064408111572265,
    1.1870640420913696,
    1.1807063685523138,
    1.1911981190575494,
    1.1607007037268744,
    1.1663976335525512,
    1.1598190191056994,
    1.1534876367780897,
    1.143238026830885,
    1.1422035132514106,
    1.1399495209587944,
    1.1427040513356526,
    1.1399168496661716,
    1.1427543385823569,
    1.130358674791124,
    1.107472897635566,
    1.11885530895657,
    1.100892842080858,
    1.1050688976711698,
    1.0936121241251628,
    1.0836250739627413,
    1.0909725936253865,
    1.0877056037055122,
    1.0849071560965644,
    1.0820683733622234,
    1.0624539666705661,
    1.0552751387490167,
    1.0540830527411567,
    1.0499974531597562,
    1.057486153178745,
    1.042027694384257,
    1.0469972160127428,
    1.0473544147279528,
    1.0385534191131591,
    1.0371559222539266,
    1.0414036602444119,
    1.032458200984531,
    1.0326790452003478,
    1.0262928697797986,
    1.0216285806232028,
    1.0225960938135783,
    1.0142223368750678,
    1.015224334133996,
    1.0061531766255696,
    1.0057509136199951,
    1.0045884635713365,
    1.0096293449401856
  ],
  "train_f_score": [
    0.0198514843568123,
    0.06372427703168813,
    0.10969721002936368,
    0.1640964159460837,
    0.20769162707210787,
    0.22531264744325735,
    0.24961719494535445,
    0.2614125549404798,
    0.28942843591896766,
    0.3125774638176761,
    0.32624015405202905,
    0.34600112350744067,
    0.35007013344103177,
    0.36491399717885475,
    0.3703790456281297,
    0.3720313036843519,
    0.3903338757730584,
    0.39627897824594727,
    0.3872228154541244,
    0.40540434643981227,
    0.41420373739331134,
    0.41034123571301423,
    0.4251024791134543,
    0.4244548898520617,
    0.42461974467424046,
    0.4424348028737496,
    0.44023276595276056,
    0.44786710590336765,
    0.4436584440150461,
    0.45271823772019276,
    0.4540320404085128,
    0.46587916916374367,
    0.4641238409702172,
    0.46439737266724207,
    0.47270107255515953,
    0.471903459327678,
    0.472162486502113,
    0.4721452548626138,
    0.4809122557117243,
    0.4889973238016185,
    0.4882116146948169,
    0.4881445314283117,
    0.49490024913174124,
    0.5078100851022453,
    0.49967485345073775,
    0.5000565098221488,
    0.5007016408280431,
    0.5045311745231038,
    0.5073349754389952,
    0.5096596815936073,
    0.5102462237914134,
    0.5202484983336667,
    0.5111999793066531,
    0.526395814004377,
    0.5190320747410279,
    0.5276749992142071,
    0.528201125853133,
    0.5291284905860824,
    0.533047944112705,
    0.5458593575042303,
    0.5393301820611245,
    0.5403596058726038,
    0.5486767004850204,
    0.5483112629631475,
    0.5532572935367418,
    0.5602732467971545,
    0.5520605642884343,
    0.5540402174997926,
    0.553957013730734,
    0.5552069342239109,
    0.5593949784730566,
    0.5635770094757949,
    0.565684680775529,
    0.5604865283480491,
    0.5763024614390689,
    0.5735149013722185,
    0.5674085004350125,
    0.5734651144127498,
    0.5832765264955776,
    0.5797389266365995,
    0.585282747607457,
    0.5845844669037664,
    0.5902893887723322,
    0.5918050962091072,
    0.5897393660554261,
    0.597100242472029,
    0.5944492856309561,
    0.5939123907308536,
    0.5999539027155808,
    0.5942959687438837,
    0.595537698671441,
    0.6005887691539312,
    0.5942277521280006,
    0.6008773765381864,
    0.6002229065162908,
    0.6041654978723031,
    0.6071382204130477,
    0.611669398764676,
    0.614360043379952,
    0.6092110892233448,
    0.6122043150618303,
    0.6108782295421954
  ],
  "train_accuracy": [
    0.10269901275634766,
    0.31153372022840714,
    0.354413825141059,
    0.4096611785888672,
    0.4449947314792209,
    0.4423449028862847,
    0.43585046132405597,
    0.44910255008273653,
    0.4807405768500434,
    0.5278310394287109,
    0.5341695192125109,
    0.5793260150485569,
    0.5776495700412326,
    0.599261851840549,
    0.6231341128879123,
    0.6299523417154947,
    0.6276220152113172,
    0.6285160234239366,
    0.637057359483507,
    0.6533699671427409,
    0.6701057222154405,
    0.6765464697943794,
    0.6806873660617404,
    0.6956286239624023,
    0.6821076287163629,
    0.7045547570122613,
    0.6895578087700738,
    0.7214747619628906,
    0.709291877746582,
    0.710906982421875,
    0.7177631929185655,
    0.7199649386935764,
    0.7317962053087023,
    0.726632580227322,
    0.7445274607340495,
    0.7387567350599501,
    0.7433577685885959,
    0.7438910844590929,
    0.7430750995212131,
    0.7587140231662326,
    0.7499484083387586,
    0.757150993347168,
    0.7582249535454644,
    0.7680814997355143,
    0.7675830925835504,
    0.7633516142103407,
    0.7766393661499024,
    0.7770468182033963,
    0.77296630859375,
    0.7806157430013021,
    0.780758302476671,
    0.7872523922390408,
    0.7864537302652995,
    0.7882746887207032,
    0.7848031828138563,
    0.7950893995496962,
    0.8003300221761068,
    0.7964425489637587,
    0.7951617516411675,
    0.807576789855957,
    0.8089756774902344,
    0.80892884572347,
    0.8146256086561415,
    0.8140938017103407,
    0.818303951687283,
    0.816512951321072,
    0.8177520200941297,
    0.8153952111138237,
    0.8170498402913412,
    0.8167929755316841,
    0.82865904490153,
    0.8246193313598633,
    0.8303302976820204,
    0.8295311313205295,
    0.8303627056545682,
    0.833359243604872,
    0.8324365022447374,
    0.8367792595757378,
    0.8373295127020942,
    0.8364541329277886,
    0.8402858564588759,
    0.8432427639431423,
    0.8446638446384006,
    0.8442296049329969,
    0.8468211279975043,
    0.8476963509453668,
    0.8503983137342664,
    0.8494131596883138,
    0.8481314765082465,
    0.8508492067125109,
    0.8507159720526801,
    0.8534797965155707,
    0.8532823859320746,
    0.8549726359049479,
    0.8526601833767361,
    0.8557974455091688,
    0.862099846733941,
    0.859528448316786,
    0.860312991672092,
    0.8607194858127171,
    0.8592641745673285,
    0.8594785817464192
  ],