{
  "train_loss": [
    3.9878180537905012,
    3.049934906618936,
    2.884199712957655,
    2.81718282188688,
    2.711404596056257,
    2.624679778303419,
    2.5038558755602156,
    2.4209533078329906,
    2.3404597554888045,
    2.2545566984585355,
    2.146414944103786,
    2.0500612344060625,
    1.9543062831674303,
    1.906777790614537,
    1.8588648693902152,
    1.7982523015567236,
    1.7706698519842965,
    1.7305020604814803,
    1.7014014082295554,
    1.6762600796563285,
    1.6579001333032335,
    1.634727737733296,
    1.6036921356405531,
    1.5845559324537004,
    1.5719023091452462,
    1.5599659638745444,
    1.5494721276419503,
    1.5366048983165197,
    1.5389653742313385,
    1.536386443035943,
    1.6811011220727647,
    1.6325039395264216,
    1.6266430275780814,
    1.6068017397608076,
    1.604070782661438,
    1.5783441620213645,
    1.5625395476818085,
    1.5514687512602126,
    1.5453341858727592,
    1.5267924112933022
  ],
  "train_f_score": [
    0.08900134111893385,
    0.11296026809168239,
    0.11834292126481857,
    0.12970758470132976,
    0.16140179766296744,
    0.19962021411154982,
    0.25021319433151223,
    0.28536230746735636,
    0.3144973604904892,
    0.3343802998569185,
    0.3658222398982621,
    0.39584368611393245,
    0.4160818061067613,
    0.4395361859634396,
    0.45153485666131743,
    0.4619074283372412,
    0.4669299527917377,
    0.4782878275759543,
    0.4922833701091086,
    0.5075111419296271,
    0.519666404287513,
    0.5239990878286088,
    0.5325641240780785,
    0.5454955588814704,
    0.5457497816683875,
    0.5562588529236405,
    0.5588631028273511,
    0.5615428197764136,
    0.5626633553075979,
    0.5676616110876348,
    0.5173643192384888,
    0.5342133046252083,
    0.5432969875641452,
    0.545050342429867,
    0.553748537986112,
    0.5612299969822037,
    0.5623572411303492,
    0.5716660547071484,
    0.575221006109817,
    0.5697568627634345
  ],
  "train_accuracy": [
    0.5096599885395595,
    0.6463188060692379,
    0.6679889176573072,
    0.6839079175676618,
    0.6963021457195282,
    0.7043770807129996,
    0.716313008751188,
    0.7229790389537811,
    0.7353092176573617,
    0.7514826825686863,
    0.7690186670848301,
    0.7857409332479749,
    0.8032096794673375,
    0.809605062007904,
    0.8182241150311061,
    0.8306244271142142,
    0.8339935072830745,
    0.8407208962099892,
    0.8451303115912846,
    0.8484273552894592,
    0.8516727898802076,
    0.856324587549482,
    0.8622562161513737,
    0.866070419549942,
    0.8678429978234428,
    0.8707127528531211,
    0.8727648939405169,
    0.8747353894369942,
    0.8737751160349164,
    0.8746631784098489,
    0.846038064786366,
    0.8547106300081525,
    0.8553893353257861,
    0.8604063008512769,
    0.8590213145528521,
    0.8646127368722644,
    0.867819185767855,
    0.8683735643114362,
    0.8700779208115169,
    0.873138998235975
  ],
  "val_loss": [
    3.816599378585815,
    3.218887414932251,
    3.0107051944732666,
    2.8790428256988525,
    3.043289976119995,
    2.731959285736084,
    2.7443976402282715,
    2.6452813243865965,
    2.5451414680480955,
    2.349095830917358,
    2.2932622146606447,
    2.1447559642791747,
    2.0569278383255005,
    2.040410304069519,
    1.9884354591369628,
    1.8999288177490234,
    1.8695886421203614,
    1.859907455444336,
    1.827592706680298,
    1.7641868829727172,
    1.7694567728042603,
    1.740819778442383,
    1.7270015716552733,
    1.6904122495651246,
    1.677294363975525,
    1.6758340740203856,
    1.6635902786254884,
    1.6645510482788086,
    1.6597369289398194,
    1.661026668548584,
    1.7445232963562012,
    1.7936186122894286,
    1.8055164623260498,
    1.7597516012191772,
    1.721048846244812,
    1.6921588039398194,
    1.676789608001709,
    1.716622428894043,
    1.6904099225997924,
    1.6642987728118896
  ],
  "val_f_score": [
    0.0870338202561295,
    0.1048001387742169,
    0.12404410650231805,
    0.1348942769553811,
    0.14676956658374107,
    0.23639032145752376,
    0.26553004475156977,
    0.29772541416626974,
    0.30859193755944175,
    0.36417208495914477,
    0.3843397741808662,
    0.42690358963186564,
    0.44623671020818806,
    0.4629241229994428,
    0.46178866656518747,
    0.47323434974690726,
    0.5017236429056078,
    0.4998350427146596,
    0.5212559114593407,
    0.5458689538009436,
    0.537172671223473,
    0.5437417117719792,
    0.5523065846449478,
    0.5702691265223617,
    0.5684441772318883,
    0.5668665412640397,
    0.5805488072203739,
    0.5719611069842512,
    0.5734317023395693,
    0.5732575107307856,
    0.5398618172892495,
    0.5338120291192158,
    0.5274378445791252,
    0.5539308206458522,
    0.566161700251875,
    0.5643640214442142,
    0.5710651128902695,
    0.5680102149881836,
    0.5874640397828335,
    0.5876758147781609
  ],
  "val_accuracy": [
    0.5034672927856445,
    0.5601775360107422,
    0.640883674621582,
    0.6554810714721679,
    0.6056178665161133,
    0.6635520553588867,
    0.6543862533569336,
    0.6648696517944336,
    0.6849562835693359,
    0.7192848587036133,
    0.7412166976928711,
    0.7538113021850585,
    0.7704826736450195,
    0.7727928161621094,
    0.7868027877807617,
    0.8001885986328126,
    0.804414176940918,
    0.8040155029296875,
    0.8118460083007812,
    0.8196626663208008,
    0.820306396484375,
    0.8267669296264648,
    0.8328205871582032,
    0.8355461120605469,
    0.8386249923706055,
    0.8405051040649414,
    0.8410625076293945,
    0.8422316360473633,
    0.8422830963134765,
    0.8429656982421875,
    0.8265983963012695,
    0.8174115753173828,
    0.814964828491211,
    0.8259266662597656,
    0.8270210266113281,
    0.8378050994873046,
    0.8362683868408203,
    0.8351147842407226,
    0.8288279724121094,
    0.8369268035888672
  ],
  "lr": [
    0.000224,
    0.000368,
    0.000512,
    0.000656,
    0.0008,
    0.000796849823175134,
    0.0007874489728708882,
    0.0007719457061123564,
    0.0007505845186775235,
    0.0007237022892527915,
    0.0006917229666548539,
    0.0006551508839046016,
    0.0006145628045941091,
    0.0005705988269802466,
    0.0005239522892527916,
    0.0004753588351769971,
    0.0004255848125519608,
    0.00037541518744803933,
    0.00032564116482300306,
    0.00027704771074720864,
    0.00023040117301975348,
    0.00018643719540589076,
    0.00014584911609539844,
    0.00010927703334514617,
    7.729771074720854e-05,
    5.0415481322476495e-05,
    2.9054293887643588e-05,
    1.355102712911193e-05,
    4.150176824866133e-06,
    0.0008,
    0.0007992116780070946,
    0.000796849823175134,
    0.0007929237566661112,
    0.0007874489728708882,
    0.0007804470782599139,
    0.0007719457061123564,
    0.0007619784074601748,
    0.0007505845186775235,
    0.0007378090062380551,
    0.0007237022892527915
  ]
}