{
  "train_loss": [
    3.0118717681037057,
    2.153070041338603,
    2.0119366518656414,
    1.9451842382219102,
    1.9014422448476156,
    1.8088191090689765,
    1.7574709934658475,
    1.6568875217437744,
    1.62018929110633,
    1.540556533601549,
    1.4853683937920465,
    1.4008497630225287,
    1.3206018257141112,
    1.2888948641883002,
    1.2455178917778862,
    1.2016791163550482,
    1.2086449098587035,
    1.1579594204160901,
    1.137443070941501,
    1.1159757460488213,
    1.1037585367096796,
    1.076084210342831,
    1.0618873394860162,
    1.0447976695166694,
    1.043314402103424,
    1.0208794101079306,
    1.0118708043628268,
    1.0026310857137044,
    0.9892840014563666,
    0.9672069676717122,
    0.954136315451728,
    0.9521324732568529,
    0.9477257113986545,
    0.9348320123884413,
    0.9283073308732774,
    0.9213085047403972,
    0.9131009112464057,
    0.9078041129642063,
    0.8969314903683132,
    0.8907694265577528,
    0.8964075416988797,
    0.87448616610633,
    0.8658162328932021,
    0.8787321609920925,
    0.8606097401512993,
    0.8551559413803949,
    0.8485175768534342,
    0.8420538446638319,
    0.8409680557250977,
    0.8327597535981073,
    0.8380368571811252,
    0.8365908432006836,
    0.8229568772845798,
    0.81665855884552,
    0.8020595815446642,
    0.8009890900717841,
    0.7977895967165629,
    0.7959765966733297,
    0.8024595475196838,
    0.7915006147490607,
    0.7981753365198772,
    0.8020208991898431,
    0.7887061293919881,
    0.779419617123074,
    0.7831132523218791,
    0.7736160490247939,
    0.7744336530897352,
    0.771021318965488,
    0.7687905931472778,
    0.7753941551844279,
    0.7697432536549038,
    0.765940506193373,
    0.7638546498616536,
    0.7587165763643053,
    0.7545131646262275,
    0.751408900419871,
    0.7526056146621705,
    0.7545575335290697,
    0.7474923997455173,
    0.7508497921625773,
    0.7448749340905083,
    0.7390437899695502,
    0.7428197405073378,
    0.738150290383233,
    0.7314932706620958,
    0.7320156685511271,
    0.7333760865529378,
    0.7313647553655837,
    0.7262271414862739,
    0.7243439960479736,
    0.7289791840977139,
    0.7258864296807184,
    0.7226765526665582,
    0.7168806110488044,
    0.7200898864534166
  ],
  "train_f_score": [
    0.09529081258084666,
    0.11155663817960046,
    0.11480954304926878,
    0.12325480560666896,
    0.1442400707335271,
    0.18696471662298564,
    0.2281211619427949,
    0.2728009320574331,
    0.29733885174526653,
    0.3208782501389323,
    0.34678642483305744,
    0.3751500167629964,
    0.40432209188684887,
    0.41887544155407097,
    0.4324965940673959,
    0.4437445991488626,
    0.45072758761847154,
    0.46450269993184573,
    0.48747241326033786,
    0.4993939366152155,
    0.5048281717510672,
    0.5176971204641421,
    0.5196610808128564,
    0.5380715260261019,
    0.5350466342460775,
    0.5457166825250583,
    0.5509228083548359,
    0.5592257857754153,
    0.5603388431084965,
    0.5712765160332912,
    0.5735603026262573,
    0.5806025567636627,
    0.5786119434641053,
    0.59105338200841,
    0.5904933672624214,
    0.5868865829033186,
    0.5968609946601927,
    0.5987456626482154,
    0.6035480742014874,
    0.6111455793033432,
    0.601474371332569,
    0.6104917805015055,
    0.6211163700966693,
    0.6133047951932354,
    0.6236531049058527,
    0.6191044393221902,
    0.625517556345962,
    0.6264233853678793,
    0.6345332355846655,
    0.631339163923307,
    0.6280632927544464,
    0.638080179409296,
    0.6417599870415335,
    0.6470004042756471,
    0.6512677821739103,
    0.6589332419159284,
    0.6537498549582547,
    0.6479532660461443,
    0.6548936160412718,
    0.651102577335449,
    0.6596393881269482,
    0.6448063638445363,
    0.651379744692055,
    0.658313484506737,
    0.6545215215905634,
    0.6651078838868433,
    0.6683949599804518,
    0.6673108913526131,
    0.6660944636497182,
    0.6629759426681403,
    0.6631778883807301,
    0.6659969924327076,
    0.6674661033768712,
    0.6720993323147673,
    0.674285671266585,
    0.6638103800691236,
    0.6749757641797778,
    0.6706314771062938,
    0.678422676357608,
    0.6758749422781704,
    0.6758199141943282,
    0.6796738355544046,
    0.6753394104094188,
    0.6844661288829277,
    0.6878639196841473,
    0.6891920050195417,
    0.6851303063695496,
    0.6809817904523157,
    0.686138931474787,
    0.6899027614033326,
    0.6852218552536952,
    0.6876434469875152,
    0.6937365129581761,
    0.6984073753548559,
    0.6938922902932844
  ],
  "train_accuracy": [
    0.5208152177598742,
    0.635808228386773,
    0.6632182820638021,
    0.678109491136339,
    0.6825877168443468,
    0.6975507185194227,
    0.7052133390638563,
    0.7236861165364583,
    0.7254584376017252,
    0.745173479715983,
    0.7560902659098307,
    0.7786591000027127,
    0.79705689324273,
    0.8029441155327691,
    0.8124235916137695,
    0.8219255108303494,
    0.8179386096530491,
    0.8286708407931858,
    0.8344640096028646,
    0.8386506822374132,
    0.8415091832478842,
    0.8454616843329535,
    0.8500737211439344,
    0.8529319466484917,
    0.8529189258151584,
    0.8581831063164606,
    0.8601090918646919,
    0.8630380630493164,
    0.8651404825846354,
    0.8695933871799045,
    0.8729323959350586,
    0.873151126437717,
    0.8746088282267253,
    0.8773287031385634,
    0.8790466139051649,
    0.8809348975287543,
    0.882752816942003,
    0.8832499737209744,
    0.8866054153442383,
    0.8880795584784613,
    0.8852031538221571,
    0.8919586393568251,
    0.894238026936849,
    0.890306142171224,
    0.8951328574286567,
    0.8957459343804254,
    0.8972778277926975,
    0.898362308078342,
    0.8988222418891059,
    0.9013370301988389,
    0.899402224222819,
    0.899710316128201,
    0.9034469477335612,
    0.9043145921495226,
    0.9084905454847547,
    0.9092756440904406,
    0.9095701556735568,
    0.909599609375,
    0.9075253211127388,
    0.9113934707641601,
    0.909207271999783,
    0.90784056769477,
    0.9114944458007812,
    0.9135405858357747,
    0.9126505703396267,
    0.9147210650973849,
    0.9147081883748372,
    0.9155453703138563,
    0.9156590779622396,
    0.9142095141940647,
    0.9154047266642252,
    0.9159134631686741,
    0.9168722534179687,
    0.9180036078559027,
    0.9188613849216037,
    0.9206548733181423,
    0.9194045172797309,
    0.9192065005832248,
    0.92040161980523,
    0.9195302200317382,
    0.9215696165296766,
    0.9224702538384332,
    0.92144228193495,
    0.9225542238023546,
    0.9243918143378363,
    0.9234423107571073,
    0.9233903461032443,
    0.9242143715752495,
    0.9257512961493598,
    0.9251867421468098,
    0.9245324537489149,
    0.9255560302734375,
    0.9259193420410157,
    0.9271476618448893,
    0.9260195287068685
  ],