{
  "train_loss": [
    3.1355444134606256,
    2.190253652996487,
    1.9965393569734362,
    1.9544917117224798,
    1.9172084416283501,
    1.8492431773079767,
    1.8157045290205214,
    1.749241558710734,
    1.6866276990042792,
    1.6174540535608928,
    1.552813916736179,
    1.4941506089104546,
    1.4236671368281046,
    1.348290957344903,
    1.3018415678872002,
    1.257225086424086,
    1.2234639999601575,
    1.198532330195109,
    1.1607725101047093,
    1.1443748418490092,
    1.121603349579705,
    1.0978500694698758,
    1.0834736654493544,
    1.0805088917414347,
    1.0526445534494189,
    1.0411131207148234,
    1.028776043785943,
    1.011700620121426,
    1.010107667181227,
    0.9836043824089898,
    0.994948038260142,
    0.9833834346135457,
    0.970846667819553,
    0.9646824317508274,
    0.9522295082939995,
    0.9433352451854282,
    0.9395705493291219,
    0.9278448830710517,
    0.908376648955875,
    0.9134372748268975,
    0.9044795841640896,
    0.8936315433184305,
    0.8903639761606852,
    0.8864376356866625,
    0.8865610612763299,
    0.8739908133612738,
    0.8784334839714898,
    0.8625884177949693,
    0.8599985710779826,
    0.8543230745527479,
    0.8555227920744154,
    0.8475871928532919,
    0.8452480758561028,
    0.8383254546589322,
    0.829841309123569,
    0.8228485918045044,
    0.8197272438473172,
    0.8111746380064222,
    0.8078950823677911,
    0.8159170767996047,
    0.813526274893019,
    0.8121048715379503,
    0.8003643335236443,
    0.7966111532847087,
    0.7998004269599914,
    0.7883562403255039,
    0.793006239467197,
    0.8018024412790934,
    0.7835548337300619,
    0.7815360307693482
  ],
  "train_f_score": [
    0.09259100545529189,
    0.11192988305478827,
    0.11771978071229963,
    0.11972549445023502,
    0.12576929126880088,
    0.14744344344261773,
    0.16473820137611292,
    0.1987133472622494,
    0.2432522654509307,
    0.2730889450933496,
    0.30507795324074116,
    0.31965090509619265,
    0.349297254222671,
    0.3849322205693309,
    0.3995486324425769,
    0.41711796274885865,
    0.43729973044126813,
    0.4526084876131119,
    0.4760899561500958,
    0.4785140989969515,
    0.48692821852592966,
    0.49634800933629925,
    0.5123784597016641,
    0.5136951646873462,
    0.518851693650389,
    0.5280449544731295,
    0.5423330398445039,
    0.5436816407136211,
    0.5434017561968308,
    0.5500464079611235,
    0.5630727650733223,
    0.5579532371739974,
    0.5651458023195937,
    0.5720845617122418,
    0.5640864962896048,
    0.5802756508904566,
    0.5758728843445313,
    0.5851356252458287,
    0.5915164884454015,
    0.5906200963667834,
    0.5945695925393925,
    0.5990840562673627,
    0.6023099828786542,
    0.6092319103395607,
    0.6060076556362382,
    0.6087664104917172,
    0.6130605157334049,
    0.6165447535911656,
    0.6261492237245885,
    0.6193047706790141,
    0.6218920778869027,
    0.6222889508668537,
    0.6271694490121068,
    0.6327477015943946,
    0.6384500442272407,
    0.628168494563338,
    0.6356074806809623,
    0.6475974644163148,
    0.6446724173369475,
    0.6470389975200087,
    0.6460681923622548,
    0.6490054134318567,
    0.6501296949200177,
    0.652408965525328,
    0.6554034178442332,
    0.6592027584873535,
    0.6552154209454631,
    0.6477578055377375,
    0.6598449688157262,
    0.6652339477784579
  ],
  "train_accuracy": [
    0.49394030253092447,
    0.6386924489339193,
    0.667835464477539,
    0.6782748031616211,
    0.6842113198174371,
    0.6983459091186524,
    0.7020694181654188,
    0.7148109944661458,
    0.721203727722168,
    0.7379453659057618,
    0.7490764321221246,
    0.7624478615654839,
    0.7792841720581055,
    0.7949869706895616,
    0.8028456497192383,
    0.8117607243855794,
    0.8193105570475261,
    0.8236942630343967,
    0.8328892517089844,
    0.8353417375352648,
    0.8390421634250217,
    0.8452066548665365,
    0.8461491394042969,
    0.846668718126085,
    0.8544330045912001,
    0.8567982143825955,
    0.8577904934353299,
    0.8620031568739149,
    0.8629705810546875,
    0.8684706497192383,
    0.8656928295559353,
    0.8680935796101888,
    0.870237905714247,
    0.8716263114081488,
    0.8749942016601563,
    0.8771158599853516,
    0.8775895394219293,
    0.8796199035644531,
    0.884298078748915,
    0.8819806501600478,
    0.8851118893093533,
    0.8875799899631076,
    0.8883833906385634,
    0.8890515263875326,
    0.8885900455050998,
    0.8925460815429688,
    0.8910720062255859,
    0.8945667860243055,
    0.8952942827012804,
    0.8966024695502387,
    0.8967867745293512,
    0.8977808380126953,
    0.8988963021172418,
    0.9009521441989475,
    0.9019090355767144,
    0.90387021806505,
    0.9046986770629882,
    0.9067396969265408,
    0.9070321273803711,
    0.9048115709092882,
    0.905823368496365,
    0.9058863321940104,
    0.9090317026774088,
    0.9097312503390842,
    0.9090545060899523,
    0.9115957344902886,
    0.9105055406358507,
    0.9079728359646267,
    0.9130309931437175,
    0.9133707978990343
  ],
  "val_loss": [
    2.8834088706970213,
    2.1750214672088624,
    2.0690479373931883,
    2.1650823545455933,
    2.048039197921753,
    2.1023666524887084,
    2.054621868133545,
    1.9514923667907715,
    1.9154699802398683,
    1.8645600509643554,
    1.761448049545288,
    1.6376244449615478,
    1.5548774433135986,
    1.5140842962265015,
    1.5074878025054932,
    1.4654410696029663,
    1.339164710044861,
    1.363251075744629,
    1.3984374523162841,
    1.2830523586273193,
    1.2760333728790283,
    1.4479592990875245,
    1.2168016576766967,
    1.2191881704330445,
    1.1602710390090942,
    1.2188880634307862,
    1.160639443397522,
    1.1678318881988525,
    1.0860637474060058,
    1.186153531074524,
    1.1005687475204469,
    1.0953054237365722,
    1.088567304611206,
    1.1962139654159545,
    1.069022192955017,
    1.0942572999000548,
    1.043438777923584,
    1.0301328372955323,
    1.0405865955352782,
    1.0514369440078735,
    1.0343807649612426,
    0.9976911783218384,
    1.0513804721832276,
    0.9842925262451172,
    1.0301977252960206,
    0.9854668092727661,
    1.0017471837997436,
    0.9833442306518555,
    1.0115563178062439,
    0.9782345461845398,
    0.9739097785949707,
    0.9966945123672485,
    0.9630030870437623,
    0.9655586290359497,
    1.0184448194503783,
    0.9638569879531861,
    1.012921907901764,
    1.001508424282074,
    0.967384262084961,
    0.9794046211242676,
    0.9627654552459717,
    0.9315139770507812,
    0.948481023311615,
    0.934806022644043,
    0.9895039129257203,
    0.9930401086807251,
    0.9781776142120361,
    0.9330430769920349,
    0.9599157381057739,
    0.9517061138153076
  ],